{"cameraMode":{"drawMode":0,"name":"Shaded","section":"Shading Mode"},"sceneLighting":true,"audioPlay":false,"sceneViewState":{"m_AlwaysRefresh":false,"showFog":true,"showSkybox":true,"showFlares":true,"showImageEffects":true,"showParticleSystems":true,"showVisualEffectGraphs":true,"m_FxEnabled":true},"in2DMode":false,"pivot":{"x":-0.33794909715652468,"y":7.171714782714844,"z":68.80894470214844},"rotation":{"x":0.045553237199783328,"y":0.037747256457805637,"z":0.0017345150699838997,"w":-0.9982883930206299},"size":9.853694915771485,"orthographic":false}