{"cameraMode":{"drawMode":0,"name":"Shaded","section":"Shading Mode"},"sceneLighting":true,"audioPlay":false,"sceneViewState":{"m_AlwaysRefresh":false,"showFog":true,"showSkybox":true,"showFlares":true,"showImageEffects":true,"showParticleSystems":true,"showVisualEffectGraphs":true,"m_FxEnabled":true},"in2DMode":false,"pivot":{"x":373.6244201660156,"y":207.40208435058595,"z":4.943502902984619},"rotation":{"x":-0.11358319967985153,"y":-0.05541699007153511,"z":0.006353653967380524,"w":-0.9920268654823303},"size":217.8419189453125,"orthographic":false}