{"cameraMode":{"drawMode":0,"name":"Shaded","section":"Shading Mode"},"sceneLighting":true,"audioPlay":false,"sceneViewState":{"m_AlwaysRefresh":false,"showFog":true,"showSkybox":true,"showFlares":true,"showImageEffects":true,"showParticleSystems":true,"showVisualEffectGraphs":true,"m_FxEnabled":true},"in2DMode":false,"pivot":{"x":5.136789798736572,"y":3.3702609539031984,"z":-47.24489974975586},"rotation":{"x":0.03115670010447502,"y":0.05095471441745758,"z":-0.0015922090969979764,"w":0.9982925057411194},"size":7.885716438293457,"orthographic":true}